{"cameraMode":{"drawMode":0,"name":"Shaded","section":"Shading Mode"},"sceneLighting":true,"audioPlay":false,"sceneViewState":{"m_AlwaysRefresh":false,"showFog":true,"showSkybox":true,"showFlares":true,"showImageEffects":true,"showParticleSystems":true,"showVisualEffectGraphs":true,"m_FxEnabled":true},"in2DMode":false,"pivot":{"x":-121.01947021484375,"y":-5.538567543029785,"z":-45.15797424316406},"rotation":{"x":0.016310598701238633,"y":-0.8197225332260132,"z":0.023366296663880349,"w":0.5720608830451965},"size":67.80094146728516,"orthographic":false}